STARTUP NAME,Status,DistributorAddress,DistributorAddress2,Single Layer,Double Layer
0chain,NoTokenTransfer,,,0.0,0.0
0x,OK,0x7f33036d984f67a864c7f413012c31329d4193a2,,0.0,0.0
1World,OK,0xad8b03bb5576f31ff3fd29ebda4d5d920a5eafc9,,88.0,0.0
300 Token,OK,0x3edcc4a87486348ce294d109c46dc9debe3af8a4,,5.0,0.0
4NEW,DistributorsHardtoIdentify,,,0.0,0.0
4lions.pro,NoTokenTransfer,,,0.0,0.0
777.Bingo,NoTokenTransfer,,,0.0,0.0
7ype,NeedtoDownload,,,0.0,0.0
8 Circuit Studios,NeedtoDownload,,,0.0,0.0
ABR,NoTokenTransfer,,,0.0,0.0
ACT,NoTokenTransfer,,,0.0,0.0
ADPUMP,OK,0x72fed1cc066fd0d0d284ee68084cdc67699c641f,,0.0,0.0
ALLOY,OK,0x0000000000000000000000000000000000000000,,0.0,0.0
ALMBank,NoTokenTransfer,,,0.0,0.0
ALTEUM,OK,0xb909f226afb8fc0936835ace2de6f260116e5a7b3f778e18f41f9742a31126f5,,0.0,0.0
AMPLE! Coin,OK,0x0000000000000000000000000000000000000000,,0.0,0.0
ARC Reserve Currency,NoTokenTransfer,,,0.0,0.0
ARNA Panacea,OK,0x09873cdd92782ee43e7881da138a156e7e8835f5,,0.0,0.0
ARRM,NoTokenTransfer,,,0.0,0.0
ASTRcoin,OK,0x3efae2e152f62f5cc12cc0794b816d22d416a721,,0.0,0.0
ATFS Project,NeedtoDownload,,,0.0,0.0
ATMToken,NeedtoDownload,,,0.0,0.0
Aamicoin,NoTokenTransfer,,,0.0,0.0
Abab,NeedtoDownload,,,0.0,0.0
AbjCoin,NoTokenTransfer,,,0.0,0.0
Academy,NeedtoDownload,,,0.0,0.0
Accord ICO,OK,0xfb30849bf147c8fec02970a28c623da6ecadee60,,0.0,0.0
Acebusters,DistributorsHardtoIdentify,,,0.0,0.0
Acme Network,NoTokenTransfer,,,0.0,0.0
AdEx,DistributorsHardtoIdentify,,,0.0,0.0
AdHive,DistributorsHardtoIdentify,,,0.0,0.0
Adbank,DistributorsHardtoIdentify,,,0.0,0.0
Aditus,NeedtoDownload,,,0.0,0.0
Adshares,DistributorsHardtoIdentify,,,0.0,0.0
Advanced Browsing Token,NoTokenTransfer,,,0.0,0.0
Aeron,OK,0x0d80e86f5855affaea85bc424066c0f9ce1e40ad,,0.0,0.0
Affchain,NoTokenTransfer,,,0.0,0.0
AffiliateCoin,NoTokenTransfer,,,0.0,0.0
AfterEther,NoTokenTransfer,,,0.0,0.0
Afterschool,NoTokenTransfer,,,0.0,0.0
Agent Not Needed,OK,0xdd01cd9bc79049b827e8e0d86ca7715e9773306c,,0.0,0.0
AgreCoin (ACN),NoTokenTransfer,,,0.0,0.0
Agrello,OK,0x3e2c6a3b6861d84d98753a2c9fa4f96c65c2ea4f,,0.0,0.0
Agrivita,NoTokenTransfer,,,0.0,0.0
Ahoolee,DistributorsHardtoIdentify,,,0.0,0.0
AidCoin,OK,0x0000000000000000000000000000000000000000,,0.0,0.0
Aigang,OK,0x0000000000000000000000000000000000000000,,0.0,0.0
AirToken,OK,0x0000000000000000000000000000000000000000,,0.0,0.0
AkroCoin,NoTokenTransfer,,,0.0,0.0
AlfaToken,IncompleteInformation,,,0.0,0.0
Algory Project,OK,0xfa79253cbd5671df91dccae40a29ee2cf2eb60f0,,0.0,0.0
Alis,DistributorsHardtoIdentify,,,0.0,0.0
Altair VR,NeedtoDownload,,,0.0,0.0
Alttradex,NeedtoDownload,,,0.0,0.0
Ambrosus,DistributorsHardtoIdentify,,,0.0,0.0
Amorito,NoTokenTransfer,,,0.0,0.0
Anacoin,NeedtoDownload,,,0.0,0.0
Angel Token,OK,0x0000000000000000000000000000000000000000,,0.0,0.0
Ankorus,OK,0x00000000000000000000000000000000000000b1,,0.0,0.0
Anna,NoTokenTransfer,,,0.0,0.0
Anonymous Service Chain (PreICO),NoTokenTransfer,,,0.0,0.0
AntiqMall,NeedtoDownload,,,0.0,0.0
Aphelion,NoTokenTransfer,,,0.0,0.0
Apollo DAE,NoTokenTransfer,,,0.0,0.0
AppCoins,OK,0xa684a3371e0d46bca4a6db1ff538a44f1440a855,,0.0,0.0
Appay,OK,0xab9ecfdbb0abc5da29f166e3d4429b8c0de493ce,,0.0,0.0
Aragon,OK,0x0000000000000000000000000000000000000000,,0.0,0.0
Arbi,NoTokenTransfer,,,0.0,0.0
Arbidex,NoTokenTransfer,,,0.0,0.0
Arcade City,IncompleteInformation,,,0.0,0.0
Arcblock,OK,0x4fd95f61a1b52b3c272ae449e95cfc307d19afd6,,0.0,0.0
Arkadia,NoTokenTransfer,,,0.0,0.0
Armor Ceramics,NeedtoDownload,,,0.0,0.0
Artemine,NeedtoDownload,,,0.0,0.0
Artex,NoTokenTransfer,,,0.0,0.0
Artis Turba,NeedtoDownload,,,0.0,0.0
Asset Token,IncompleteInformation,,,0.0,0.0
Asseta,OK,0x305ee1aea4ce97f764618f0540ea6fb37c7186ba,,0.0,0.0
Assistive Reality ARX,NeedtoDownload,,,0.0,0.0
Astronaut,OK,0xbce77d679864e792b5ec5ae3dd3fe360cc5c75c0,,0.0,0.0
Athena,NeedtoDownload,,,0.0,0.0
Atlant,OK,0x0000000000000000000000000000000000000000,,0.0,0.0
Atmatrix,OK,0x0000000000000000000000000000000000000000,,0.0,0.0
Atrix,OK,0x9b326a64f837c4d52ad99ffa264273b012eaab95,,0.0,0.0
Attention Network,OK,0x0000000000000000000000000000000000000000,,0.0,0.0
Auctus,NeedtoDownload,,,0.0,0.0
Augur,DistributorsHardtoIdentify,,,0.0,0.0
AuthenticID,NoTokenTransfer,,,0.0,0.0
Authoreon,OK,0xf982113d7d7d37e2bc931bd183406efa529e52fd,,3.0,0.0
Authorship,OK,0xa68ba00236769703d30c17f63444cc7b3d509c72,,0.0,0.0
Autonio,OK,0x952b3cba812321a10e49e1c86132e701b54fa7e0,,1.0,0.0
Avalon,NoTokenTransfer,,,0.0,0.0
Avaqva,NoTokenTransfer,,,0.0,0.0
Aventus,OK,0x8b7b6c61238088593bf75eec8fbf58d0a615d30c,,0.0,0.0
B2BX,OK,0xef02e1a87c91435349437f035f85f5a85f6b39ae,,0.0,0.0
BABB,NeedtoDownload,,,0.0,0.0
BANKEX,OK,0xdef97e9f16831da75a52ff583323c4cdd1f508da,,0.0,0.0
BCDiploma,NeedtoDownload,,,0.0,0.0
BEEQB,OK,0x51155c8e42b1d0caef3a0c6653d7b18db384d38f,,1.0,0.0
BFToken,OK,0x0000000000000000000000000000000000000000,,0.0,0.0
BHOM,NeedtoDownload,,,0.0,0.0
BIG Foundation,NoTokenTransfer,,,0.0,0.0
BINEX.TRADE,NoTokenTransfer,,,0.0,0.0
BITRACE,OK,0xcf46a1599b2d1d4be213ac4415629de72cb93da2,,0.0,0.0
BLOCKv,OK,0xc97666cc53d78605c295547dc1b459733c7ea064,,0.0,0.0
BLOOMZED,OK,0x0000000000000000000000000000000000000000,,0.0,0.0
BMChain,OK,0x0000000000000000000000000000000000000000,,0.0,0.0
BOUTSPRO,OK,0x0000000000000000000000000000000000000000,,0.0,0.0
BRAT,IncompleteInformation,,,0.0,0.0
BREM,NoTokenTransfer,,,0.0,0.0
Baappay,NeedtoDownload,,,0.0,0.0
BactoAlarm,NoTokenTransfer,,,0.0,0.0
Baltic.fund,NeedtoDownload,,,0.0,0.0
Bananacoin,DistributorsHardtoIdentify,,,0.0,0.0
Banca,DistributorsHardtoIdentify,,,0.0,0.0
Bancor,NeedtoDownload,,,0.0,0.0
Bank Of Memories,IncompleteInformation,,,0.0,0.0
Bankera,NoTokenTransfer,,,0.0,0.0
Bankorus,NoTokenTransfer,,,0.0,0.0
BannerCoin,NeedtoDownload,,,0.0,0.0
Basic Attention,DistributorsHardtoIdentify,,,0.0,0.0
Battle Ball,NoTokenTransfer,,,0.0,0.0
Battle of Titans,NoTokenTransfer,,,0.0,0.0
BattleDrome,OK,0xeaaf270436a0ed397ed23bbf64df7b1dcaff142f,,0.0,0.0
Bazista,OK,0xb5d048eaa605c43074bfb3a2ab2751c0c75f1c44,,0.0,0.0
Bcshop,DistributorsHardtoIdentify,,,0.0,0.0
Beatle,NoTokenTransfer,,,0.0,0.0
BeeSocials,NoTokenTransfer,,,0.0,0.0
Beluga Pay,NeedtoDownload,,,0.0,0.0
BenjaCoin,OK,0xbce77d679864e792b5ec5ae3dd3fe360cc5c75c0,,0.0,0.0
BetKing,OK,0x40f2351cc9a712d5abb18da9b12a0bff263e677f,,0.0,0.0
Betmaster,NoTokenTransfer,,,0.0,0.0
Betrium,NeedtoDownload,,,0.0,0.0
Betstreak,NeedtoDownload,,,0.0,0.0
BetterBetting,OK,0x0000000000000000000000000000000000000000,,0.0,0.0
Beuthereum,NoTokenTransfer,,,0.0,0.0
Beyond The Void,OK,0x20d42f2e99a421147acf198d775395cac2e8b03d,,0.0,0.0
Bibox,OK,0x0000000000000000000000000000000000000000,,0.0,0.0
Bico,NoTokenTransfer,,,0.0,0.0
Billionaire Token,DistributorsHardtoIdentify,,,0.0,0.0
Binance,DistributorsHardtoIdentify,,,0.0,0.0
Binary,NoTokenTransfer,,,0.0,0.0
BioFactoryCoin,NoTokenTransfer,,,0.0,0.0
BioPayCoin,OK,0x0000000000000000000000000000000000000000,,0.0,0.0
Biometrids,OK,0x38bdb4ca3e2837597beb8d189ddd6b89704a4066,,2.0,1212.0
Bioritmai,NoTokenTransfer,,,0.0,0.0
Birdchain,NoTokenTransfer,,,0.0,0.0
BitBoost,OK,0xbce77d679864e792b5ec5ae3dd3fe360cc5c75c0,,0.0,0.0
BitBounce,DistributorsHardtoIdentify,,,0.0,0.0
BitCab ICO,NoTokenTransfer,,,0.0,0.0
BitClave,NeedtoDownload,,,0.0,0.0
BitConscious Foundation,NoTokenTransfer,,,0.0,0.0
BitDegree,OK,0xe259ece17feef05bdead9689c6f1bc8e778c517b,,2.0,4.0
BitDice,OK,0xb6a2dc96c6efc17ed1815aaf82f53ffa6305161b,,750.0,0.0
BitEther,NeedtoDownload,,,0.0,0.0
BitFerry,NeedtoDownload,,,0.0,0.0
BitHub,NoTokenTransfer,,,0.0,0.0
BitRent,NeedtoDownload,,,0.0,0.0
BitRewards,NoTokenTransfer,,,0.0,0.0
BitStump,NeedtoDownload,,,0.0,0.0
Bitindia,NeedtoDownload,,,0.0,0.0
Bitmag,NoTokenTransfer,,,0.0,0.0
Bitmart,NeedtoDownload,,,0.0,0.0
Bitplus Network,NeedtoDownload,,,0.0,0.0
Bitproperty,NeedtoDownload,,,0.0,0.0
Bitquence,OK,0x0000000000000000000000000000000000000000,,0.0,0.0
Blackfol.io,OK,0x645f41d1e96109564ca7c8f9615b807e956de68f,,0.0,0.0
Blackmoon,DistributorsHardtoIdentify,,,0.0,0.0
BlockCAT,DistributorsHardtoIdentify,,,0.0,0.0
BlockEx,NeedtoDownload,,,0.0,0.0
BlockLicense,NoTokenTransfer,,,0.0,0.0
BlockMason,OK,0x0000000000000000000000000000000000000000,,0.0,0.0
BlockRx,NoTokenTransfer,,,0.0,0.0
Blockbid,OK,0x0000000000000000000000000000000000000000,,0.0,0.0
Blockchain Capital,DistributorsHardtoIdentify,,,0.0,0.0
Blockchain Neural System,NoTokenTransfer,,,0.0,0.0
Blockchain Taxi,NoTokenTransfer,,,0.0,0.0
Blocklancer,NoTokenTransfer,,,0.0,0.0
Blocktix,OK,0xea1f346faf023f974eb5adaf088bbcdf02d761f4,,0.0,0.0
Bloom,OK,0xb547cc51ce58293e6945ba08d664ce051563d9ac,,0.0,0.0
Blue Whale,NeedtoDownload,,,0.0,0.0
Bluzelle,OK,0xbc05e610eaac542bfa64504025413291beb58d36,,0.0,0.0
Bolenum,OK,0xcc3bfb63bccee5d353627c9c34443d5f9257919c,,0.0,0.0
Bondkick Syndicate,OK,0x6e7eb7c864a5d76b9306007326ecc37c78651290,,4.0,32.0
Bonpay,DistributorsHardtoIdentify,,,0.0,0.0
Boosteroid,OK,0xbd00ce9c7c88e05373ecaba02a63277e8d9cf3e5,,0.0,0.0
Bopti,OK,0x3b7745f035e0f182c2c3a82b594697ae18792a44,,0.0,0.0
BotChain,NeedtoDownload,,,0.0,0.0
BotGaming,NoTokenTransfer,,,0.0,0.0
Bread,OK,0x0000000000000000000000000000000000000000,,0.0,0.0
BricBit,NoTokenTransfer,,,0.0,0.0
BrickBlock,OK,0x59d8c5a3e2d25a550e294d82dfb2a3128d324bbc,,0.0,0.0
Brisk Pass,NeedtoDownload,,,0.0,0.0
Brixby,NeedtoDownload,,,0.0,0.0
Budbo,NeedtoDownload,,,0.0,0.0
Bulleon,NeedtoDownload,,,0.0,0.0
ByteBet (PreICO),NoTokenTransfer,,,0.0,0.0
Bytom,DistributorsHardtoIdentify,,,0.0,0.0
CAR Token,NeedtoDownload,,,0.0,0.0
CASPER (PreICO),NoTokenTransfer,,,0.0,0.0
CCA,NoTokenTransfer,,,0.0,0.0
CEDEX,NeedtoDownload,,,0.0,0.0
CFRS,NoTokenTransfer,,,0.0,0.0
CHEX,OK,0x0000000000000000000000000000000000000000,,0.0,0.0
CHRYSOS,NoTokenTransfer,,,0.0,0.0
COBINHOOD,DistributorsHardtoIdentify,,,0.0,0.0
COSS,OK,0x0d6b5a54f940bf3d52e438cab785981aaefdf40c,,27.0,0.0
CREDITS,NeedtoDownload,,,0.0,0.0
CROMhub,OK,0x5f391f8253475bffa27b2f8544994f9717ab310d,,0.0,0.0
CRYCASH,NeedtoDownload,,,0.0,0.0
CUBE,OK,0x0000000000000000000000000000000000000000,,0.0,0.0
Cacao Shares,OK,0x906a6ceec7256b02bd16401d2993bf9b1ed89b9c,,0.0,0.0
Cajutel,OK,0x3c6a7ab47b5f058be0e7c7fe1a4b7925b8aca40e,,0.0,0.0
CanYa,OK,0x0009dd361ea5aa03e07ad04496f002002818928d,,0.0,0.0
Capdax,NeedtoDownload,,,0.0,0.0
Cappasity,ImpreciseInformation,,,0.0,0.0
CarTaxi,DistributorsHardtoIdentify,,,0.0,0.0
Carbon Dollar X,NeedtoDownload,,,0.0,0.0
Cardstack,NoTokenTransfer,,,0.0,0.0
CareX,OK,0x9c9597805a6622ce541be1e3c74a3c998c61b408,,0.0,0.0
CareerXon,NeedtoDownload,,,0.0,0.0
CargoX,NeedtoDownload,,,0.0,0.0
Casagram,NoTokenTransfer,,,0.0,0.0
Cash Poker Pro,DistributorsHardtoIdentify,,,0.0,0.0
Cashaa,OK,0x18359735e06cdb531ac895fd41d46dd231d9a147,,0.0,0.0
Caviar,NeedtoDownload,,,0.0,0.0
Cederis,OK,0x19c9fff1bd730db8c7b1e8a39dc05d4daf51fdc9,,0.0,0.0
Celsius,OK,,,0.0,0.0
Chain ID,NoTokenTransfer,,,0.0,0.0
Chainium,NeedtoDownload,,,0.0,0.0
Change Bank,OK,0x0000000000000000000000000000000000000000,,0.0,0.0
Charg Coin,NeedtoDownload,,,0.0,0.0
Chatello App,OK,0xbb4959a332e6277ff13c2302b920fbcc2f2273fe,,0.0,0.0
Christ Coins,OK,0x164979ed9b905b1e1c82cbbeee46379ba4d7b7d9,,0.0,0.0
Chrono Logic,OK,0x0000000000000000000000000000000000000000,,0.0,0.0
Cibus,DistributorsHardtoIdentify,,,0.0,0.0
Cindicator,OK,0x0000000000000000000000000000000000000000,,0.0,0.0
CinemaWell.com,NoTokenTransfer,,,0.0,0.0
Circles (PreICO),NeedtoDownload,,,0.0,0.0
Civic,DistributorsHardtoIdentify,,,0.0,0.0
ClearPoll,OK,0xe8afb388996acf1badf63dd740f4dbbdbf39a10b,,0.0,0.0
Clickle,NoTokenTransfer,,,0.0,0.0
Climatecoin,OK,0x0000000000000000000000000000000000000000,,0.0,0.0
Clout,NeedtoDownload,,,0.0,0.0
CoInsure Blockchain,NeedtoDownload,,,0.0,0.0
Cofound.it,OK,0x0000000000000000000000000000000000000000,,0.0,0.0
CoinBet,NeedtoDownload,,,0.0,0.0
CoinCasino,NoTokenTransfer,,,0.0,0.0
CoinCrowd,NeedtoDownload,,,0.0,0.0
CoinDash,OK,0xa869b2674914ec42b66dafe65acac797cd241cba,,5.0,0.0
CoinDrive,NoTokenTransfer,,,0.0,0.0
CoinFi,NeedtoDownload,,,0.0,0.0
CoinJob,NoTokenTransfer,,,0.0,0.0
CoinLion,NeedtoDownload,,,0.0,0.0
CoinLoan,OK,0xe5a4e1d8aafe6ea9ff5b707ce5f14a2b4d5edb60,,0.0,0.0
CoinPennant,NoTokenTransfer,,,0.0,0.0
CoinPoker,NeedtoDownload,,,0.0,0.0
CoinStarter,NeedtoDownload,,,0.0,0.0
Coinfer,NoTokenTransfer,,,0.0,0.0
Coinlancer,DistributorsHardtoIdentify,,,0.0,0.0
Coinnec,NeedtoDownload,,,0.0,0.0
Cointed,DistributorsHardtoIdentify,,,0.0,0.0
Colu Local Network,OK,0x12321fb3e2548b03ead42f09cab239cff377b4e2,,0.0,0.0
CommerceBlock,NeedtoDownload,,,0.0,0.0
Conda,NoTokenTransfer,,,0.0,0.0
Confideal,NeedtoDownload,,,0.0,0.0
Connect,NoTokenTransfer,,,0.0,0.0
Connectius,NeedtoDownload,,,0.0,0.0
Consolo,NoTokenTransfer,,,0.0,0.0
ConsultEth,NoTokenTransfer,,,0.0,0.0
CopPay,NeedtoDownload,,,0.0,0.0
Copy Trader,NoTokenTransfer,,,0.0,0.0
Copytrack,NeedtoDownload,,,0.0,0.0
CorCom,NoTokenTransfer,,,0.0,0.0
Corex,NeedtoDownload,,,0.0,0.0
CottageCoin,NeedtoDownload,,,0.0,0.0
Covesting,NeedtoDownload,,,0.0,0.0
Crassula,NoTokenTransfer,,,0.0,0.0
CrazyBET,NoTokenTransfer,,,0.0,0.0
Crowd for Angels,OK,0x0299f84a0c1fee38fb060b48870190749d260be3,,1.0,0.0
Crowd-Up,NoTokenTransfer,,,0.0,0.0
CrowdCoinage,OK,0x7f93bafc01ffa46d8735cc7f51914ac90cba061d,,0.0,0.0
CrowdDrive,NoTokenTransfer,,,0.0,0.0
CrowdWiz,DistributorsHardtoIdentify,,,0.0,0.0
Crowdholding,NoTokenTransfer,,,0.0,0.0
Crowdvilla,NoTokenTransfer,,,0.0,0.0
Cryder,OK,0x0000000000000000000000000000000000000000,,0.0,0.0
CryoCloud,NeedtoDownload,,,0.0,0.0
Cryptaur,OK,0x88d50b466be55222019d71f9e8fae17f5f45fca1,,0.0,0.0
Crypterium,NeedtoDownload,,,0.0,0.0
Cryptex Network,NoTokenTransfer,,,0.0,0.0
Crypto Trust Network,NeedtoDownload,,,0.0,0.0
Crypto20,NeedtoDownload,,,0.0,0.0
CryptoABS,DistributorsHardtoIdentify,,,0.0,0.0
CryptoAlias,OK,0x8a19d9bbbc5edf01ddd4acc6736f4091e67ad72a,,0.0,0.0
CryptoBite Coin,NoTokenTransfer,,,0.0,0.0
CryptoCopy,NoTokenTransfer,,,0.0,0.0
CryptoFund,NoTokenTransfer,,,0.0,0.0
CryptoMuseum,NoTokenTransfer,,,0.0,0.0
CryptoSoft,NeedtoDownload,,,0.0,0.0
CryptoXpress,NoTokenTransfer,,,0.0,0.0
Cryptodruid,NoTokenTransfer,,,0.0,0.0
Cryptopay,OK,0x0010a75a2f4b938d843634256ec2f8540a6a3d37,,1.0,0.0
Cryptotask,OK,0x0000000000000000000000000000000000000000,,0.0,0.0
Cryptum,DistributorsHardtoIdentify,,,0.0,0.0
Crystal Clear,DistributorsHardtoIdentify,,,0.0,0.0
CyberTrust,NoTokenTransfer,,,0.0,0.0
Cybermiles,DistributorsHardtoIdentify,,,0.0,0.0
DADI,NeedtoDownload,,,0.0,0.0
DAO Playmarket 2.0,NeedtoDownload,,,0.0,0.0
DAO.casino,OK,0x0000000000000000000000000000000000000000,,0.0,0.0
DATAVLT,NeedtoDownload,,,0.0,0.0
DATx,NeedtoDownload,,,0.0,0.0
DAV,NoTokenTransfer,,,0.0,0.0
DAWQ,NoTokenTransfer,,,0.0,0.0
DAX,ImpreciseInformation,,,0.0,0.0
DLS Academy,NeedtoDownload,,,0.0,0.0
DMarket,OK,0x8c77a38c5dfec301a0d67904ce1850812c42b0e7,,3.0,0.0
DOLECOIN,NoTokenTransfer,,,0.0,0.0
DOVU,OK,0x6699ed0afc9761aff5b7dbe08352fc0c8616ca31,,0.0,0.0
Dailycoin,NeedtoDownload,,,0.0,0.0
Daneel,OK,0xd539028595ec3da4c499023ae988a9192f0301f8,,0.0,0.0
Daseron,NeedtoDownload,,,0.0,0.0
DatabrokerDAO,IncompleteInformation,,,0.0,0.0
Datarius,NeedtoDownload,,,0.0,0.0
Datawallet,OK,0x201dcb47a936db8d0c6358783a7d24b37d5fd1cd,0x201dcb47a936db8d0c6358783a7d24b37d5fd1cd,0.0,0.0
DateCoin,NoTokenTransfer,,,0.0,0.0
Datum,OK,0xf6e9baf2e5950f2eca57dbb859677b49ce7e4bca,,0.0,0.0
DeCoin,NoTokenTransfer,,,0.0,0.0
DeHedge,NeedtoDownload,,,0.0,0.0
DealBox,NoTokenTransfer,,,0.0,0.0
Debitum Network,NeedtoDownload,,,0.0,0.0
Decentraland,OK,0x3c337fa1bf8725f59f73db6db719c792c5e8ae74,,0.0,0.0
Decentralized Escrow,NeedtoDownload,,,0.0,0.0
Decentralized ID,NoTokenTransfer,,,0.0,0.0
DeckSwap,NoTokenTransfer,,,0.0,0.0
Deep Gold,NeedtoDownload,,,0.0,0.0
Deex,DistributorsHardtoIdentify,,,0.0,0.0
Delphi Systems,NeedtoDownload,,,0.0,0.0
DenCity,NeedtoDownload,,,0.0,0.0
Denaro,DistributorsHardtoIdentify,,,0.0,0.0
Dent,DistributorsHardtoIdentify,,,0.0,0.0
Dentacoin,DistributorsHardtoIdentify,,,0.0,0.0
DestiNeed,NeedtoDownload,,,0.0,0.0
Dether,NeedtoDownload,,,0.0,0.0
Devery,NeedtoDownload,,,0.0,0.0
Devnetwork,NoTokenTransfer,,,0.0,0.0
Diamond Guard,NoTokenTransfer,,,0.0,0.0
DigiPulse,OK,0xf6cfe53d6febaeea051f400ff5fc14f0cbbdaca1,,0.0,0.0
Digital Developers Fund,DistributorsHardtoIdentify,,,0.0,0.0
Digital Ticks,NeedtoDownload,,,0.0,0.0
Digitex,OK,0x53f117ca3b93eda96d08c8496af103303c385059,,4.0,0.0
DigixDAO,DistributorsHardtoIdentify,,,0.0,0.0
Digmus,NoTokenTransfer,,,0.0,0.0
Dimensions Network,NoTokenTransfer,,,0.0,0.0
DineroCoin,NoTokenTransfer,,,0.0,0.0
DisLedger,OK,0x0cff2ed2f99cd3c889ed19d3bc9c5d8a934a9a17,,2.0,0.0
Discoveroo,NoTokenTransfer,,,0.0,0.0
Doc Coin,NeedtoDownload,,,0.0,0.0
DocTailor,NeedtoDownload,,,0.0,0.0
Dochain,DistributorsHardtoIdentify,,,0.0,0.0
Doft,NeedtoDownload,,,0.0,0.0
Dogezer,OK,0x16885883e2785c56d279636b45fb85d8f9b0db23,,0.0,0.0
DolphinBI,NoTokenTransfer,,,0.0,0.0
DomRaider,DistributorsHardtoIdentify,,,0.0,0.0
Dome Platform,NeedtoDownload,,,0.0,0.0
Dopameme,NoTokenTransfer,,,0.0,0.0
Dopamine,NoTokenTransfer,,,0.0,0.0
Dragon,DistributorsHardtoIdentify,,,0.0,0.0
Dragonchain,OK,0xa195a45143069fc0ee478b4db7ca5e6b9abfcc65,,1.0,0.0
DreamTeam,NeedtoDownload,,,0.0,0.0
DropAnswer,NoTokenTransfer,,,0.0,0.0
DropDeck,OK,0xe129417140b1b4f5f3d5dcb554ddeb8d89c04a92,,0.0,0.0
Dropil,OK,0x925ea5af075bde17811e4bcdc198dc5d3675e466,,0.0,0.0
Droplex,OK,0xabe3d12e5518bf8266bb91b56913962ce1f77cf4,,0.0,0.0
Dubailancers Token,NoTokenTransfer,,,0.0,0.0
E4ROW,DistributorsHardtoIdentify,,,0.0,0.0
EBCoin,OK,0xcf320a7e47f70261124e43fa8af1161a5b9103c6,,0.0,0.0
EDEN,NeedtoDownload,,,0.0,0.0
EHO,NoTokenTransfer,,,0.0,0.0
ELBYTE NETWORK,NoTokenTransfer,,,0.0,0.0
EMU Project,OK,0xd12613517a4e424494094e1b2bd7152b0baeab56,,8.0,0.0
ENS.BID,NoTokenTransfer,,,0.0,0.0
EOS,NeedtoDownload,,,0.0,0.0
EPOCH,OK,0xe8f90ca193e4adaa17923cdd94f85632db2fb925,,0.0,0.0
EPOS,NoTokenTransfer,,,0.0,0.0
EPowChain Ecosystem,NoTokenTransfer,,,0.0,0.0
ESR Wallet,NeedtoDownload,,,0.0,0.0
ETH Lottery,NeedtoDownload,,,0.0,0.0
ETHACE,OK,0x7f9be694b40224a0d4e2e90a93aaba72f9cfe580,,0.0,0.0
EVEN,NeedtoDownload,,,0.0,0.0
EXIMCHAIN,NeedtoDownload,,,0.0,0.0
EZMarket,OK,0x0000000000000000000000000000000000000000,,0.0,0.0
EZPOS,NeedtoDownload,,,0.0,0.0
Eagle Project,OK,0x97cbc82a139c6ce4ec0c4d5fe1f005681d43d4d8,,34.0,8.0
Earth Token,NeedtoDownload,,,0.0,0.0
Earthmedz,NoTokenTransfer,,,0.0,0.0
EasyMINE,OK,0x53ce47cbe7f2be0aecd086a70182a98c907d024d,,0.0,0.0
EatMeCoin,NeedtoDownload,,,0.0,0.0
EcoGreenHouse,NoTokenTransfer,,,0.0,0.0
Edgecoin,NoTokenTransfer,,,0.0,0.0
Edgeless,OK,0x003230bbe64eccd66f62913679c8966cf9f41166,,0.0,0.0
Educoin,DistributorsHardtoIdentify,,,0.0,0.0
Eidoo,OK,0x0000000000000000000000000000000000000000,,0.0,0.0
EiraCube,NoTokenTransfer,,,0.0,0.0
Electrify.Asia,NeedtoDownload,,,0.0,0.0
Elige.re,NoTokenTransfer,,,0.0,0.0
Eloplay,OK,0x0000000000000000000000000000000000000000,,0.0,0.0
Embermine,OK,0x9b73149133c7d34a50b6b078d1244961e3c39768,,161.0,0.0
Emphy,OK,0xc91fe17ea06651751ef7a995356ec8d90967a4da,,0.0,0.0
Encrypgen,OK,0x795c6e34f6fe0be0dd61207776659714e69f2cbd,,0.0,0.0
EncryptoTel,OK,0xba091db085eac2055400c934c8dc989b500113a2,,1.0,0.0
Energi Token,OK,0x005d27924275cc39235f6c4f95da3d0cc592c380,,0.0,0.0
Engraved,NoTokenTransfer,,,0.0,0.0
Enigma Catalyst,DistributorsHardtoIdentify,,,0.0,0.0
Enjin Coin,OK,0x9b73d1779c41dca36314fb7c4d3309838e20c4e7,,0.0,0.0
Enjoy Life,OK,0xa7d465d4d22d706ecef281ce06932a9c9a7f7426,,0.0,0.0
Enkidu,NeedtoDownload,,,0.0,0.0
Eristica,OK,0x0000000000000000000000000000000000000000,,0.0,0.0
Erotix,ImpreciseInformation,,,0.0,0.0
EscapeToken,NoTokenTransfer,,,0.0,0.0
Estate Coin,NoTokenTransfer,,,0.0,0.0
Etcetera,NeedtoDownload,,,0.0,0.0
EthBooks,NeedtoDownload,,,0.0,0.0
EthLend,DistributorsHardtoIdentify,,,0.0,0.0
Ethbits,OK,0x0000000000000000000000000000000000000000,,0.0,0.0
Etheal,IncompleteInformation,,,0.0,0.0
EtherFlyer,NeedtoDownload,,,0.0,0.0
EtherSport,OK,0x0000000000000000000000000000000000000000,,0.0,0.0
EtherSportz,NeedtoDownload,,,0.0,0.0
Ethereum High,NeedtoDownload,,,0.0,0.0
Ethereum Movie Venture,DistributorsHardtoIdentify,,,0.0,0.0
Ethereum.link,OK,0x599dbc0ecfa98fbd2b720210141c2ee2068e428d,,3.0,0.0
Etherisc,NeedtoDownload,,,0.0,0.0
Etheriya,OK,0x0000000000000000000000000000000000000000,,0.0,0.0
Ethernal Heroes,NeedtoDownload,,,0.0,0.0
Etheroll,OK,0x805129c7144688224c122c924e3855d5b4fa01d8,,0.0,0.0
Etherparty,OK,0x0000000000000000000000000000000000000000,,0.0,0.0
EthicHub,NoTokenTransfer,,,0.0,0.0
Ethorse,NeedtoDownload,,,0.0,0.0
EvaCoin,NoTokenTransfer,,,0.0,0.0
EventChain,OK,0x0000000000000000000000000000000000000000,,0.0,0.0
Everex,OK,0xa6c1f8fdba848a17437d46595ae21c74bb30b9d8,,0.0,0.0
Exchange Union,OK,0x06d192f59ac8c757ce1bc880c0b19216ecbfd075,,0.0,0.0
Experimental,IncompleteInformation,,,0.0,0.0
Experty,NeedtoDownload,,,0.0,0.0
ExsulCoin,NeedtoDownload,,,0.0,0.0
FAPcoin,DistributorsHardtoIdentify,,,0.0,0.0
FAST INVEST,OK,0x26f4ed5d5767b7609a98b27237aa0342f89df58c,,0.0,0.0
FIT Token,NeedtoDownload,,,0.0,0.0
FUELDApp,NoTokenTransfer,,,0.0,0.0
Faceter,OK,0x6605f21fd3d3a9cddbe97c399c8c76f8bce5ec97,,0.0,0.0
Fair.Game,NeedtoDownload,,,0.0,0.0
FamilyPoints,NeedtoDownload,,,0.0,0.0
Fan Controlled Football League,NoTokenTransfer,,,0.0,0.0
Farad,DistributorsHardtoIdentify,,,0.0,0.0
FarmaTrust,NoTokenTransfer,,,0.0,0.0
Fast Access Blockchain,NoTokenTransfer,,,0.0,0.0
FemaleToken,NoTokenTransfer,,,0.0,0.0
Fidcom,NoTokenTransfer,,,0.0,0.0
Fidelium,OK,0x0096333a27d578dae601d6794e5045ad6f93481a,,0.0,0.0
Fiinu,OK,0x0000000000000000000000000000000000000000,,0.0,0.0
Filipcoin,NoTokenTransfer,,,0.0,0.0
FinShi Capital,OK,0x442415af6fc2e9ec9c5617ddd1647727016c2d20,,0.0,0.0
FinTab,OK,0x35cc33e802f869eecb08fdce3196a505829a400e,,1.0,0.0
Findafixr,NoTokenTransfer,,,0.0,0.0
Finom,NoTokenTransfer,,,0.0,0.0
FintruX,OK,0x1e86eab90807895d5136b7e236dbc13d7902fd1b,,0.0,0.0
First Crypto ETF,NoTokenTransfer,,,0.0,0.0
FirstBlood,DistributorsHardtoIdentify,,,0.0,0.0
Fitrova,NeedtoDownload,,,0.0,0.0
Flixxo,OK,0x0000000000000000000000000000000000000000,,0.0,0.0
Fluence,NoTokenTransfer,,,0.0,0.0
FluzFluz,NeedtoDownload,,,0.0,0.0
Flyp.me,OK,0x0000000000000000000000000000000000000000,,0.0,0.0
Follow Coin,NeedtoDownload,,,0.0,0.0
Forecast,NoTokenTransfer,,,0.0,0.0
Foreground,NoTokenTransfer,,,0.0,0.0
Fornicoin,OK,0x658d9424da329087a60868957f9b1d1edd1d6f34,,0.0,0.0
FortKnoxster,NeedtoDownload,,,0.0,0.0
Fortitude Ranch,OK,0x0000000000000000000000000000000000000000,,0.0,0.0
Fortunetoken,NoTokenTransfer,,,0.0,0.0
FoxCasino,NoTokenTransfer,,,0.0,0.0
Fr8 Network,NoTokenTransfer,,,0.0,0.0
Freedom Streaming,OK,0x963cb5e7190fa77435afe61fbb8c2ddb073e42c2,,0.0,0.0
FriendsFingers,NoTokenTransfer,,,0.0,0.0
Friendz,OK,0xc1c643701803eca8ddfa2017547e8441516be047,,0.0,0.0
FuckToken,OK,0x5cb8a6440469ef1c632a50fa796f4a631d5798a2,,0.0,0.0
Fujinto,OK,0x66dc70150c5a1b236d4856a234b79ac8b91cfe1c,,217.0,1.0
FunFair,OK,0x0000000000000000000000000000000000000000,,0.0,0.0
Fund Yourself Now,DistributorsHardtoIdentify,,,0.0,0.0
FundFantasy,NoTokenTransfer,,,0.0,0.0
FundRequest,NeedtoDownload,,,0.0,0.0
Fundaria,NeedtoDownload,,,0.0,0.0
Fusion,OK,0x1bdf56c9593590122fd8750555d8148da2b80be8,,0.0,0.0
Futourist,NeedtoDownload,,,0.0,0.0
FutureWorks Token,OK,0xb1af3544a2cb2b2b12346d2f2ca3cd03251d890a,,5.0,0.0
G-Global,NoTokenTransfer,,,0.0,0.0
GATCOIN,NeedtoDownload,,,0.0,0.0
GAWOONI,NeedtoDownload,,,0.0,0.0
GIFTO,OK,0x615ed6779507f223d04722d43ccc0cd871964e2a,,0.0,0.0
GIFcoin,NeedtoDownload,,,0.0,0.0
GLXCoin,NoTokenTransfer,,,0.0,0.0
GN Compass,OK,0x4b02072f4c81feb543b10b81958307af3b4ff5da,,0.0,0.0
GUIDE,NoTokenTransfer,,,0.0,0.0
GUTS Tickets,NoTokenTransfer,,,0.0,0.0
Galactikka,NeedtoDownload,,,0.0,0.0
Game Machine,NoTokenTransfer,,,0.0,0.0
Game Protocol,NoTokenTransfer,,,0.0,0.0
Game.com,DistributorsHardtoIdentify,,,0.0,0.0
GameCoin,DistributorsHardtoIdentify,,,0.0,0.0
Gameflip - FLIP,OK,0x0000000000000000000000000000000000000000,,0.0,0.0
Gamity,NeedtoDownload,,,0.0,0.0
GazeCoin,OK,0x0000000000000000000000000000000000000000,,0.0,0.0
Geens,NeedtoDownload,,,0.0,0.0
Gelios,NeedtoDownload,,,0.0,0.0
Gems,NeedtoDownload,,,0.0,0.0
Genaro,OK,0x0000000000000000000000000000000000000000,,0.0,0.0
Genesis Vision,OK,0x0000000000000000000000000000000000000000,,0.0,0.0
Genevieve VC,NoTokenTransfer,,,0.0,0.0
GenieICO,NeedtoDownload,,,0.0,0.0
GeoFunders,NoTokenTransfer,,,0.0,0.0
Giftz.io,NeedtoDownload,,,0.0,0.0
GigEcoin,NeedtoDownload,,,0.0,0.0
Giga Watt,DistributorsHardtoIdentify,,,0.0,0.0
Gilgam,NoTokenTransfer,,,0.0,0.0
Gilgamesh Platform,NeedtoDownload,,,0.0,0.0
Gimli,OK,0xae4f56f072c34c0a65b3ae3e4db797d831439d93,,0.0,0.0
Gimmer,NeedtoDownload,,,0.0,0.0
GivaCoin,NeedtoDownload,,,0.0,0.0
Gizer,NeedtoDownload,,,0.0,0.0
Gladius,OK,0x71d01db8d6a2fbea7f8d434599c237980c234e4c,,0.0,0.0
Global Finances,NoTokenTransfer,,,0.0,0.0
Global ICO Fund,OK,0x0000000000000000000000000000000000000000,,0.0,0.0
Global Jobcoin,OK,0x2de60f36bb208b5c96acb36d4a49aad3e2be0627,,0.0,0.0
Global Metrology Project,NoTokenTransfer,,,0.0,0.0
Globcoin,OK,0x0000000000000000000000000000000000000000,,0.0,0.0
GlobeTrotter,NoTokenTransfer,,,0.0,0.0
Globitex,NeedtoDownload,,,0.0,0.0
Glu,NeedtoDownload,,,0.0,0.0
Gnosis,ImpreciseInformation,,,0.0,0.0
GoMineWorld,NoTokenTransfer,,,0.0,0.0
Goal Bonanza,OK,0x7b69b78cc7fee48202c208609ae6d1f78ce42e13,,0.0,0.0
Godzillion,OK,0x1e95ebb48045be65462342988b53ad5aba5a1d31,,31.0,0.0
GoldMint,OK,0x0000000000000000000000000000000000000000,,0.0,0.0
Golem,NeedtoDownload,,,0.0,0.0
Govchain,NoTokenTransfer,,,0.0,0.0
Granite,NeedtoDownload,,,0.0,0.0
Gravel Coin,NoTokenTransfer,,,0.0,0.0
Green List Standard,NoTokenTransfer,,,0.0,0.0
Grid Plus,NoTokenTransfer,,,0.0,0.0
Gym Rewards,NeedtoDownload,,,0.0,0.0
HIPE,NeedtoDownload,,,0.0,0.0
HOQU,NeedtoDownload,,,0.0,0.0
HUNT.BET,NoTokenTransfer,,,0.0,0.0
Hacken,OK,0xbce77d679864e792b5ec5ae3dd3fe360cc5c75c0,,0.0,0.0
Hackspace,NeedtoDownload,,,0.0,0.0
Hada DBank,NeedtoDownload,,,0.0,0.0
Hash Rush,OK,0x0000000000000000000000000000000000000000,,0.0,0.0
Havven,NeedtoDownload,,,0.0,0.0
Health Monitor,NoTokenTransfer,,,0.0,0.0
Healthereum,NoTokenTransfer,,,0.0,0.0
HeartBout,NeedtoDownload,,,0.0,0.0
Hearthy,NoTokenTransfer,,,0.0,0.0
Hedge,OK,0x13a8b6434bd5cef0924814f7414482529b51df2a,,0.0,0.0
Hedge Coin Capital,NeedtoDownload,,,0.0,0.0
HedgeConnect,NeedtoDownload,,,0.0,0.0
Helbiz,OK,0x0000000000000000000000000000000000000000,,0.0,0.0
Hellenium,NoTokenTransfer,,,0.0,0.0
HelloGold,OK,0xc03281af336e2c25b41ff893a0e6ce1a932b23af,,0.0,0.0
Herby,NoTokenTransfer,,,0.0,0.0
Herdius,NoTokenTransfer,,,0.0,0.0
Hero,DistributorsHardtoIdentify,,,0.0,0.0
Hicky,OK,0x0000000000000000000000000000000000000000,,0.0,0.0
HighCastle,OK,0x8c6fbcb74a34d0bebbd807d146e8f02581e6ed96,,0.0,0.0
HireBits,NoTokenTransfer,,,0.0,0.0
HireMatch,NeedtoDownload,,,0.0,0.0
Hive Project,OK,0xdb969febe87e23d6d64b918d01b5529310511c47,,3.0,0.0
Holdme,NeedtoDownload,,,0.0,0.0
Holo,NoTokenTransfer,,,0.0,0.0
HomeCoin,NoTokenTransfer,,,0.0,0.0
Homni,NoTokenTransfer,,,0.0,0.0
Honestis Network,NeedtoDownload,,,0.0,0.0
Honor,NeedtoDownload,,,0.0,0.0
Horizon State,OK,0x0000000000000000000000000000000000000000,,0.0,0.0
House Coupon Token,OK,0x90eb9c477caae73d77aabe3f640b47388ddcc896,,0.0,0.0
Hubii Network,DistributorsHardtoIdentify,,,0.0,0.0
Human Discovery Platform,NoTokenTransfer,,,0.0,0.0
Humaniq,ImpreciseInformation,,,0.0,0.0
Hungry Panda Games,NoTokenTransfer,,,0.0,0.0
Hurify,NeedtoDownload,,,0.0,0.0
Hush,NeedtoDownload,,,0.0,0.0
Hut34 Project,OK,0x00f0165f38ecfaa33cd3e437e759f8d92678f646,,1.0,0.0
Hyde and Co,NoTokenTransfer,,,0.0,0.0
HydroMiner,OK,0x0000000000000000000000000000000000000000,,0.0,0.0
IC3 Cubes,NoTokenTransfer,,,0.0,0.0
ICON,OK,0xe16fd9b95758fe8f3a478ef9b750a64513bf2e80,,0.0,0.0
ICOS,NeedtoDownload,,,0.0,0.0
ICURY,NeedtoDownload,,,0.0,0.0
IDMoney,NeedtoDownload,,,0.0,0.0
IMMLA,NeedtoDownload,,,0.0,0.0
INDICOIN,OK,0x91c594706246bed9a99cb49718b95d0f067042c8,,0.0,0.0
INS,OK,0x0000000000000000000000000000000000000000,,0.0,0.0
IP Sharing Exchange,NeedtoDownload,,,0.0,0.0
IQeon,OK,0xc10c99cad6d252271d8465c63f8dbad09f43fba2,,0.0,0.0
IQuant Chain,NeedtoDownload,,,0.0,0.0
IUNGO,NeedtoDownload,,,0.0,0.0
IcoBasis,NoTokenTransfer,,,0.0,0.0
Iconiq Lab,NeedtoDownload,,,0.0,0.0
Iconomi,OK,0x2e627e83b79d9963ac3f3ee320d769af9301418f,,0.0,0.0
ImmVRse,NoTokenTransfer,,,0.0,0.0
Imperium,NeedtoDownload,,,0.0,0.0
InDeep,NoTokenTransfer,,,0.0,0.0
Index Coin,NoTokenTransfer,,,0.0,0.0
Indorse,OK,0x0053b91e38b207c97cbff06f48a0f7ab2dd81449,,1.0,0.0
InsCoin for Knox Project,NoTokenTransfer,,,0.0,0.0
Insights Network,NeedtoDownload,,,0.0,0.0
Inspeer,OK,0x8496e0641b067b5a67bc9d2fc6c6e5ac6a8433e6,,0.0,0.0
InsurePal,NeedtoDownload,,,0.0,0.0
InsureX,OK,0x0000000000000000000000000000000000000000,,0.0,0.0
Integrative Wallet Token,NoTokenTransfer,,,0.0,0.0
Intelligent Trading Technologies,OK,0x950db1e0ef25f9966b8762d4dccaeb70e84b04a5,,0.0,0.0
Internxt,OK,0x0000000000000000000000000000000000000000,,0.0,0.0
Investy,NeedtoDownload,,,0.0,0.0
Invox Finance,NoTokenTransfer,,,0.0,0.0
IronBlock,NeedtoDownload,,,0.0,0.0
Island Coin Gold,OK,0x76b59b275c3a7ffbee43553716ea698848313bf8,,0.0,0.0
Izibits,NoTokenTransfer,,,0.0,0.0
JBOXCOIN,NoTokenTransfer,,,0.0,0.0
JET8,NeedtoDownload,,,0.0,0.0
JOYSO,NeedtoDownload,,,0.0,0.0
Jibrel Network,NeedtoDownload,,,0.0,0.0
Jincor,DistributorsHardtoIdentify,,,0.0,0.0
JioCoin,NeedtoDownload,,,0.0,0.0
JoinGrowth,NeedtoDownload,,,0.0,0.0
KICKICO,NeedtoDownload,,,0.0,0.0
KWHCoin,DistributorsHardtoIdentify,,,0.0,0.0
Karbon,NoTokenTransfer,,,0.0,0.0
Karma,HardtoUnderstand,,,0.0,0.0
KeepPet,OK,0x839e78cf4b2d6c6bc80d679eb95d072a0358d5b3,,0.0,0.0
Kencoin,NoTokenTransfer,,,0.0,0.0
Kin,OK,0x0000000000000000000000000000000000000000,,0.0,0.0
Kings Distributed Systems,NoTokenTransfer,,,0.0,0.0
Kinguin.io,NeedtoDownload,,,0.0,0.0
Koios AI,NeedtoDownload,,,0.0,0.0
Korbex,NoTokenTransfer,,,0.0,0.0
KredX,DistributorsHardtoIdentify,,,0.0,0.0
Kryptopy,NeedtoDownload,,,0.0,0.0
Kubera,NeedtoDownload,,,0.0,0.0
KyberNetwork,OK,0xd6cd31f283d24cfb442cba1bcf42290c07c15792,,0.0,0.0
LAToken,DistributorsHardtoIdentify,,,0.0,0.0
LH-Crypto,NoTokenTransfer,,,0.0,0.0
LIKE,NeedtoDownload,,,0.0,0.0
LaLa World,NeedtoDownload,,,0.0,0.0
Labrys,NoTokenTransfer,,,0.0,0.0
Lambda,NoTokenTransfer,,,0.0,0.0
Lamden,OK,0x0000000000000000000000000000000000000000,,0.0,0.0
Lampix,DistributorsHardtoIdentify,,,0.0,0.0
Latium,NeedtoDownload,,,0.0,0.0
LeadCoin,OK,0x0000000000000000000000000000000000000000,,0.0,0.0
Leap With Alice,NoTokenTransfer,,,0.0,0.0
Legolas Exchange,NeedtoDownload,,,0.0,0.0
Lendroid,OK,0x0000000000000000000000000000000000000000,,0.0,0.0
Lescovex,NeedtoDownload,,,0.0,0.0
LevelNet,NeedtoDownload,,,0.0,0.0
Leverj,OK,0xf2fbb2939981594e25d93e6226231fcc1b01718e,,0.0,0.0
Lewt,NoTokenTransfer,,,0.0,0.0
LibLob,OK,0x300a0a820d8fb6e77850da5eaa8df64bbff5746d,,0.0,0.0
Librium,NoTokenTransfer,,,0.0,0.0
Liminality Network,NoTokenTransfer,,,0.0,0.0
Linda Healthcare,NeedtoDownload,,,0.0,0.0
Lineage Network,OK,0x0000000000000000000000000000000000000000,,0.0,0.0
LinkerCoin,DistributorsHardtoIdentify,,,0.0,0.0
Live Show,NeedtoDownload,,,0.0,0.0
Live Stars,OK,0xf36498354cf7ff6044a6db4f7b096075ff294343,,0.0,0.0
LiveEdu,OK,0x0000000000000000000000000000000000000000,,0.0,0.0
Loan Bit,NeedtoDownload,,,0.0,0.0
Local World Forwarders,NoTokenTransfer,,,0.0,0.0
Loci Coin,OK,0x5401bb4729bd7f025b97399c3c92854ec299f81a,,0.0,0.0
Lockchain,DistributorsHardtoIdentify,,,0.0,0.0
Loomia,NoTokenTransfer,,,0.0,0.0
Loopring,DistributorsHardtoIdentify,,,0.0,0.0
Lordmancer II,OK,0x47b8b6256f49cba6c8bd37361cac8b0fe324d605,,0.0,0.0
Lotus,DistributorsHardtoIdentify,,,0.0,0.0
Loyakk,NoTokenTransfer,,,0.0,0.0
Loyaltychain,NoTokenTransfer,,,0.0,0.0
LucidExchange,NoTokenTransfer,,,0.0,0.0
Lucyd,OK,0x4a20a727c87647eeae9cf98ce56b87de2541e7cd,,1.0,1071.0
Lunyr,OK,0x0000000000000000000000000000000000000000,,0.0,0.0
Luven Diagnostic,OK,0x2aaa16af369a4d1c77146d7c76fa94128fb68c08,,0.0,0.0
Lydian,DistributorsHardtoIdentify,,,0.0,0.0
Lympo,NeedtoDownload,,,0.0,0.0
MARK.SPACE,OK,0x15f2e85efb82c61ba4963b67aa1e89cf72cd0c37,,0.0,0.0
MASS.cloud,NoTokenTransfer,,,0.0,0.0
MCAP,NeedtoDownload,,,0.0,0.0
MDCN,OK,0x6b042d4c9e75b5e61a341c5fddcebcfbfa5be0e9,,0.0,0.0
MDK,NeedtoDownload,,,0.0,0.0
MEDIS,NoTokenTransfer,,,0.0,0.0
MITO,OK,0xe9d61c62696a3c38e310c3e08ad6f48febcb520e,,0.0,0.0
MLTOKEN,NoTokenTransfer,,,0.0,0.0
MRAToken,NoTokenTransfer,,,0.0,0.0
Macroverse,DistributorsHardtoIdentify,,,0.0,0.0
Madnetwork,NoTokenTransfer,,,0.0,0.0
Maecenas,OK,0x0000000000000000000000000000000000000000,,0.0,0.0
Magos,NoTokenTransfer,,,0.0,0.0
Majato Project,NeedtoDownload,,,0.0,0.0
Majato Project (PreICO),IncompleteInformation,,,0.0,0.0
Matchpool,DistributorsHardtoIdentify,,,0.0,0.0
Matryx,OK,0x0000000000000000000000000000000000000000,,0.0,0.0
Mavin,NeedtoDownload,,,0.0,0.0
MedCredits,NoTokenTransfer,,,0.0,0.0
Media Network Token,OK,0x0000000000000000000000000000000000000000,,0.0,0.0
MeeTip,OK,0x0000000000000000000000000000000000000000,,0.0,0.0
MeetnGreetMe,NoTokenTransfer,,,0.0,0.0
Mega X,NeedtoDownload,,,0.0,0.0
Melonport,DistributorsHardtoIdentify,,,0.0,0.0
MenuBuzz,NeedtoDownload,,,0.0,0.0
Mercury Protocol,IncompleteInformation,,,0.0,0.0
Metal,OK,0xa9cb5902a29c32ed82294d88cccd0410378f878b,,0.0,0.0
MiCars,NeedtoDownload,,,0.0,0.0
MicroMoney,OK,0xbce77d679864e792b5ec5ae3dd3fe360cc5c75c0,,0.0,0.0
MimiCoin,NeedtoDownload,,,0.0,0.0
MindLink,OK,0x72ebea93329332af8356103a3af0e495049bf657,,0.0,0.0
MindSports,IncompleteInformation,,,0.0,0.0
Minerva,NoTokenTransfer,,,0.0,0.0
Mingo,NeedtoDownload,,,0.0,0.0
MiniApps,OK,0x0000000000000000000000000000000000000000,,0.0,0.0
Mining now,NoTokenTransfer,,,0.0,0.0
Mirocana,NoTokenTransfer,,,0.0,0.0
Mithril Ore,NoTokenTransfer,,,0.0,0.0
MobileGo,OK,0x399272f91b10ac79aa4ca3f61a893a7726f07efa,,3.0,0.0
Modex,NoTokenTransfer,,,0.0,0.0
ModulTrade,OK,0x51420c0846571de5b70851789bedefa67b5edacd,,3.0,0.0
Modulum,OK,0x0000000000000000000000000000000000000000,,0.0,0.0
Moeda,NeedtoDownload,,,0.0,0.0
Moms Avenue,NoTokenTransfer,,,0.0,0.0
Monaco,OK,0x0000000000000000000000000000000000000000,,0.0,0.0
Monartis,NoTokenTransfer,,,0.0,0.0
Moncrypt,NoTokenTransfer,,,0.0,0.0
Mondo,NoTokenTransfer,,,0.0,0.0
Monetha,OK,0x0027bcc0275ed76e0b338a42e7e08dec36d25678,,0.0,0.0
Money Rebel,NoTokenTransfer,,,0.0,0.0
Moonlite,OK,0x11582b40e2a8ab5ac53bc88bddb925d0909cc332,0x0000000000000000000000000000000000000000,0.0,0.0
Moria,DistributorsHardtoIdentify,,,0.0,0.0
Morpheus Network,NeedtoDownload,,,0.0,0.0
Mothership,OK,0x0000000000000000000000000000000000000000,,0.0,0.0
Movement App,NoTokenTransfer,,,0.0,0.0
MovieChain,NoTokenTransfer,,,0.0,0.0
Multibot,NeedtoDownload,,,0.0,0.0
Mundus,NeedtoDownload,,,0.0,0.0
MyBit,OK,0x6e0ec952e49212f2e2e2f94fedaa84f5c044acef,,0.0,0.0
MyMazzu,NoTokenTransfer,,,0.0,0.0
MyOddz,OK,0x0000000000000000000000000000000000000000,,0.0,0.0
MyWish,OK,0x0000000000000000000000000000000000000000,,0.0,0.0
Mysterium,DistributorsHardtoIdentify,,,0.0,0.0
NAGA,OK,0x0000000000000000000000000000000000000000,,0.0,0.0
NAM,NeedtoDownload,,,0.0,0.0
NAU,NoTokenTransfer,,,0.0,0.0
NEVERDIE,DistributorsHardtoIdentify,,,0.0,0.0
NEXT.exchange,DistributorsHardtoIdentify,,,0.0,0.0
NPER,OK,0xc9d9f9456dc29a03f05a0201750ac137e435a7c1,,0.0,0.0
NYX,NeedtoDownload,,,0.0,0.0
Nametoken,OK,0x3a9a0d0f1df94c5e240b446455f57c1a6503884c,,2.0,0.0
Napoleon X,OK,0x6551f97f7d133083b11c0350c5fa83eefee8000d,,35.0,0.0
Narrative,NeedtoDownload,,,0.0,0.0
Nebeus,NeedtoDownload,,,0.0,0.0
Nebula Genomics,NeedtoDownload,,,0.0,0.0
Nebulas,DistributorsHardtoIdentify,,,0.0,0.0
Neufund,OK,0xf432cec23b2a0d6062b969467f65669de81f4653,,0.0,0.0
Neunet,NoTokenTransfer,,,0.0,0.0
NeuroBot,OK,0x30b1dcaa03c18247d044dc2c282fe5c6f69e0287,,29.0,0.0
Neuromation,OK,0x2be094ee0095466e38d336c755c4d4b6195a086b,,4.0,0.0
New Era Energy,NoTokenTransfer,,,0.0,0.0
Newbium,HardtoUnderstand,,,0.0,0.0
Nimfamoney,ImpreciseInformation,,,0.0,0.0
Nimiq,DistributorsHardtoIdentify,,,0.0,0.0
Nitro,OK,0x4b0712de9b75bc68a566215acca876ea5e55c172,,0.0,0.0
Nocta,NeedtoDownload,,,0.0,0.0
Notary,ImpreciseInformation,,,0.0,0.0
Nova Blitz,OK,0x0dff10fcaccc3b18a1604509e9b4d0b9a7091278,,0.0,0.0
NovaLend,DistributorsHardtoIdentify,,,0.0,0.0
Novex,NeedtoDownload,,,0.0,0.0
Nuggets,NoTokenTransfer,,,0.0,0.0
NyronChain,NeedtoDownload,,,0.0,0.0
ODEM,OK,0x0000000000000000000000000000000000000000,,0.0,0.0
ODMCoin,OK,0xd890ce7c54b6132f57f0b2029e35f161f60e92f8,,0.0,0.0
ODYSSEY,NeedtoDownload,,,0.0,0.0
OFID,IncompleteInformation,,,0.0,0.0
OILSC,OK,0xf7d844cea11ca4fa89b84af0c851b8a74ecfa912,,2.0,0.0
ONSTELLAR,NeedtoDownload,,,0.0,0.0
OX Fina,OK,0x0000000000000000000000000000000000000000,,0.0,0.0
OilDexCoin,NoTokenTransfer,,,0.0,0.0
OmiseGO,NeedtoDownload,,,0.0,0.0
Ommer,NoTokenTransfer,,,0.0,0.0
OnPlace,DistributorsHardtoIdentify,,,0.0,0.0
OneRoot,DistributorsHardtoIdentify,0xbcf5b03cc17c92f1105f618b305baea01f88dd10,,0.0,0.0
Open Longevity,NeedtoDownload,,,0.0,0.0
Open Money,NoTokenTransfer,,,0.0,0.0
Open Platform,NoTokenTransfer,,,0.0,0.0
OpenFinance Network,NoTokenTransfer,,,0.0,0.0
OpenZen,NoTokenTransfer,,,0.0,0.0
OptiToken,NoTokenTransfer,,,0.0,0.0
Opus,OK,0x4355fc160f74328f9b383df2ec589bb3dfd82ba0,,0.0,0.0
Oracles Network,NeedtoDownload,,,0.0,0.0
Origami Network,OK,0xb692dd4601d26712c3d6ce2e2cdce077989486bd,,0.0,0.0
Origin Protocol,NeedtoDownload,,,0.0,0.0
OriginTrail,OK,0x0000000000000000000000000000000000000000,,0.0,0.0
Orio,NoTokenTransfer,,,0.0,0.0
Oyoba Inc.,NoTokenTransfer,,,0.0,0.0
PARKGENE,DistributorsHardtoIdentify,,,0.0,0.0
PCC,OK,0xdeba5a198f4a3bf63a2d32703e17d96c936d3789,,0.0,0.0
PHI Token,OK,0xac65447589555ec19cbafc5cec717318ec811874,,0.0,0.0
PLUSCOIN,OK,0x58ebcd3230e0c28bf82e3f91f72d80eff32d00f4,,0.0,0.0
PM7,OK,0x61dbbe13c3b1ef2e6dd57a2b7f0e21e6247352f2,,4.0,0.0
PMOTION,NeedtoDownload,,,0.0,0.0
POA Network,NeedtoDownload,,,0.0,0.0
PROPS,OK,0x0000000000000000000000000000000000000000,,0.0,0.0
PROPX NanoChain,OK,0xa03b36e48a8c73e60859e5f23bdbc5330f68b2b7,,0.0,0.0
Pally,OK,0x00a17ee45c970da08b8205f254bf2f9327d1eb74,,0.0,0.0
Pandalancer,NoTokenTransfer,,,0.0,0.0
Papyrus,OK,0x0000000000000000000000000000000000000000,,0.0,0.0
Paquarium,OK,0x75498aecc94646f60662df22768709cc4e679d5f,,0.0,0.0
Paragon Coin,OK,0x909358627b668e7587d3c165621897df0c1c277c,,0.0,0.0
Pareto,NeedtoDownload,,,0.0,0.0
Parsec Frontiers,DistributorsHardtoIdentify,,,0.0,0.0
Patientory,OK,0x0000000000000000000000000000000000000000,,0.0,0.0
Patriot,OK,0x0000000000000000000000000000000000000000,,0.0,0.0
Patron,NoTokenTransfer,,,0.0,0.0
Pave,NoTokenTransfer,,,0.0,0.0
PayFair,OK,0x0000000000000000000000000000000000000000,,0.0,0.0
PayPie,DistributorsHardtoIdentify,,,0.0,0.0
PayPro,NeedtoDownload,,,0.0,0.0
Paycent,OK,0xc15e9503128935e08fe1486d07936d99a73af890,,0.0,0.0
Paygine,NeedtoDownload,,,0.0,0.0
Paytailor,OK,0x0000000000000000000000000000000000000000,,0.0,0.0
Peatcoin,NoTokenTransfer,,,0.0,0.0
Peculium,DistributorsHardtoIdentify,,,0.0,0.0
Peer Mountain,NoTokenTransfer,,,0.0,0.0
PeerBanks,ImpreciseInformation,,,0.0,0.0
PerksCoin,OK,0x2094a91464a6c53d6900879223a1c2c6d9f8bd42,,0.0,0.0
Pillar,OK,0x0000000000000000000000000000000000000000,,0.0,0.0
Pindify,NeedtoDownload,,,0.0,0.0
PinkDate,NoTokenTransfer,,,0.0,0.0
Pitis Coin,DistributorsHardtoIdentify,,,0.0,0.0
Play2Live,OK,0x0000000000000000000000000000000000000000,,0.0,0.0
PlayBets,NoTokenTransfer,,,0.0,0.0
PlayHall,NeedtoDownload,,,0.0,0.0
Playkey,OK,0x0000000000000000000000000000000000000000,,0.0,0.0
PlusCoin,NeedtoDownload,,,0.0,0.0
Po.et,OK,0x1111111111111111111111111111111111111111,,0.0,0.0
Pocketinns,OK,0xb4011f42a562e2aed139a37d272a7af17727abec,,0.0,0.0
PolicyPal Network,NeedtoDownload,,,0.0,0.0
Polkadot,NeedtoDownload,,,0.0,0.0
PolySwarm,OK,0x0000000000000000000000000000000000000000,,0.0,0.0
Polybius,OK,0xfaf9b1a7a09ee6f643653b2183b55d40cf4d28a5,0x313cd4f7e1afe625fd5cf4d0c3bc5df182a28c3d,3.0,0.0
Polymerium,OK,0x5f9430c17a1d393bd9bd880b679e69d1842dae36,,0.0,0.0
PopulTrade,NoTokenTransfer,,,0.0,0.0
Populous,DistributorsHardtoIdentify,,,0.0,0.0
Power Ledger,ImpreciseInformation,,,0.0,0.0
PremiumMedicalchain,NoTokenTransfer,,,0.0,0.0
Presearch,OK,0x16fa565b6b61248a5807c3af14f0005b383c4214,,0.0,0.0
PressCoin,NeedtoDownload,,,0.0,0.0
Pressco,NoTokenTransfer,,,0.0,0.0
Privatix,OK,0x0000000000000000000000000000000000000000,,0.0,0.0
PronCoin,OK,0xefd8968206bfa3148f213d70ce43250f00b726eb,,0.0,0.0
Proof Suite,OK,0x0000000000000000000000000000000000000000,,0.0,0.0
Propify,NoTokenTransfer,,,0.0,0.0
Propthereum,NeedtoDownload,,,0.0,0.0
Propy,OK,0xbce77d679864e792b5ec5ae3dd3fe360cc5c75c0,,0.0,0.0
Prosense,NoTokenTransfer,,,0.0,0.0
Prosume Energy,NoTokenTransfer,,,0.0,0.0
Protos,NeedtoDownload,,,0.0,0.0
Pryze,OK,0x0000000000000000000000000000000000000000,,0.0,0.0
Publica,OK,0xa99ab2fcc5ddfd5c1cbe6c3d760420d2ddb63d99,,1.0,0.0
Pumped,NoTokenTransfer,,,0.0,0.0
Pundi X,NeedtoDownload,,,0.0,0.0
Puregold.io,DistributorsHardtoIdentify,,,0.0,0.0
Pylon Network,OK,0x8789f5be700495db1396ddc336dec8c120770c8e,,0.0,0.0
QASH by Quoine,DistributorsHardtoIdentify,,,0.0,0.0
QUANTUM,NeedtoDownload,,,0.0,0.0
QUASA,NeedtoDownload,,,0.0,0.0
Qilimanjaro,NoTokenTransfer,,,0.0,0.0
Qilin.Market,NoTokenTransfer,,,0.0,0.0
Qlink,NeedtoDownload,,,0.0,0.0
Qtum,DistributorsHardtoIdentify,,,0.0,0.0
Quantstamp,OK,0x39a03cb1b1937a41b9846f4ca48822220819884f,,0.0,0.0
Quixxi,NoTokenTransfer,,,0.0,0.0
Qvolta,OK,0x00fee5170c113e84ac05742d4aff6408d1cf46bb,,1.0,0.0
R Pay,NoTokenTransfer,,,0.0,0.0
R3S,NoTokenTransfer,,,0.0,0.0
RAAcoin,NeedtoDownload,,,0.0,0.0
RAFL,NeedtoDownload,,,0.0,0.0
RANK,NoTokenTransfer,,,0.0,0.0
RAVELOUS,ImpreciseInformation,,,0.0,0.0
REAL,OK,0x0000000000000000000000000000000000000000,,0.0,0.0
REALISTO,OK,0x0000000000000000000000000000000000000000,,0.0,0.0
REALT,OK,0x28d9b4bc3070bd8f05b6ef27810b3cbc13bd186a,,0.0,0.0
REGA,OK,0x0a860fbdbb2a9acb0fe1d7c7da1b35c2cf1be751,,0.0,0.0
REMME,NeedtoDownload,,,0.0,0.0
REPU,NoTokenTransfer,,,0.0,0.0
RET,NoTokenTransfer,,,0.0,0.0
REVOIL,NoTokenTransfer,,,0.0,0.0
REVV COIN,NoTokenTransfer,,,0.0,0.0
R_Block,NoTokenTransfer,,,0.0,0.0
RadioYo,NoTokenTransfer,,,0.0,0.0
Rados,NeedtoDownload,,,0.0,0.0
Raiden Network,OK,0xb5e5585d0057501c91c48094029a6f4fb10b5a01,,0.0,0.0
Rainbow Currency,NoTokenTransfer,,,0.0,0.0
Raison,DistributorsHardtoIdentify,,,0.0,0.0
Rakugo,NoTokenTransfer,,,0.0,0.0
Rasputin,OK,0x24bda83cf3ed52530f2842bc0ca4d98280c6be29,,0.0,622.0
Rate Date,NeedtoDownload,,,0.0,0.0
Rate ICO,NoTokenTransfer,,,0.0,0.0
Real Property Token,DistributorsHardtoIdentify,,,0.0,0.0
Reales Coin,NoTokenTransfer,,,0.0,0.0
Realista,NoTokenTransfer,,,0.0,0.0
Reality Clash,OK,0xd18d973c6bbea7b9a8b66cf9e460e8c21446451a,,0.0,0.0
Rebons,NoTokenTransfer,,,0.0,0.0
RefToken,OK,0x16bde4ff2db3c040b3ac7868b97ba067dde2b834,,0.0,0.0
Refereum,NeedtoDownload,,,0.0,0.0
Relest,OK,0x99df2e180976354a253422bc273c04426325ad5e,,0.0,0.0
Render Payment,OK,0x7ce81c404bd76fa8f84c832ee84cd529781855b8,,0.0,0.0
Rentberry,NeedtoDownload,,,0.0,0.0
ReporterCommunity,NeedtoDownload,,,0.0,0.0
ReposalNetwork,NoTokenTransfer,,,0.0,0.0
RepuX,NeedtoDownload,,,0.0,0.0
Request Network,OK,0x97208bf5dc25e6fd4719cfc2a3c1d1a59a974c3b,,0.0,0.0
Requitix,NeedtoDownload,,,0.0,0.0
Restart Energy,NeedtoDownload,,,0.0,0.0
Revain,OK,0xe10ce89f260de9781cf944ce11662d51660769ad,,0.0,0.0
Rex,DistributorsHardtoIdentify,,,0.0,0.0
Rhovit,NoTokenTransfer,,,0.0,0.0
Rialto.AI,OK,0xe49b91d0a956356501fcbbad3b488ee052102aa8,,1.0,1.0
Ripio Credit Network,DistributorsHardtoIdentify,,,0.0,0.0
Rise Housing,NoTokenTransfer,,,0.0,0.0
Rivetz,OK,0x23c5f33eedd5deb772dc14c1283b436f923326a9,,0.0,0.0
Robo Advisor Coin,DistributorsHardtoIdentify,,,0.0,0.0
Robomed Network,OK,0x6542393623db0d7f27fded83e6fedbd767bff9b4,,2.0,0.0
Robot Trading,NoTokenTransfer,,,0.0,0.0
Rockchain,NoTokenTransfer,,,0.0,0.0
Rocket ICO,NoTokenTransfer,,,0.0,0.0
Rothscoin,NoTokenTransfer,,,0.0,0.0
Royal Kingdom Coin,NeedtoDownload,,,0.0,0.0
Rublix,NeedtoDownload,,,0.0,0.0
S-coin,NoTokenTransfer,,,0.0,0.0
SAAVcoin,OK,0x2729d694154e35efeb3c535639c33f3ad38e0a38,,0.0,0.0
SAMFIns,OK,0xd699460bfb643fc09acb815900ac24caafff8975,,0.0,0.0
SELFLLERY,IncompleteInformation,,,0.0,0.0
SENSE,DistributorsHardtoIdentify,,,0.0,0.0
SETHER,NeedtoDownload,,,0.0,0.0
SGA Consulting,NeedtoDownload,,,0.0,0.0
SISA,DistributorsHardtoIdentify,,,0.0,0.0
SKARA,OK,0x0000000000000000000000000000000000000000,,0.0,0.0
SKinCoin,OK,0x422adcf787e49dd93ce10a583655c212e00d42ce,,0.0,0.0
SMSCHAIN,NoTokenTransfer,,,0.0,0.0
SONM,OK,0x0000000000000000000000000000000000000000,,0.0,0.0
SPORTCY,NoTokenTransfer,,,0.0,0.0
SPiCE,NeedtoDownload,,,0.0,0.0
SRG,OK,0x3b98a3904e65b735d1dac3fcf92d0db62a154d08,,0.0,0.0
SSOT Health Foundation,NoTokenTransfer,,,0.0,0.0
STK,OK,0x89c952fbcde403cecdbb13b794dfe374ade40a7f,,0.0,0.0
STYRAS,NeedtoDownload,,,0.0,0.0
STeX,NeedtoDownload,,,0.0,0.0
Safe Haven,NoTokenTransfer,,,0.0,0.0
Sahara Chain,NoTokenTransfer,,,0.0,0.0
SalesHustler,NoTokenTransfer,,,0.0,0.0
SandCoin,DistributorsHardtoIdentify,,,0.0,0.0
Santiment,DistributorsHardtoIdentify,,,0.0,0.0
Satoshi Brewery,OK,0x0000000000000000000000000000000000000000,,0.0,0.0
Save Token,NeedtoDownload,,,0.0,0.0
Scam ICO Killer,NoTokenTransfer,,,0.0,0.0
Scicoins,NoTokenTransfer,,,0.0,0.0
Science Blockchain,OK,0x31b36e29bc874b5e26e9ce74c7e887c8432ae3a5,,0.0,0.0
Scrinium,OK,0xf397a8228e21c91a52fa88c99eefc485ca689a3d,,0.0,0.0
ScriptDrop,NoTokenTransfer,,,0.0,0.0
SecurityPlusCloud,DistributorsHardtoIdentify,,,0.0,0.0
SelfKey,OK,0x925ea5af075bde17811e4bcdc198dc5d3675e466,,0.0,0.0
Selfpay,OK,0x0000000000000000000000000000000000000000,,0.0,0.0
Sentinel Chain,OK,0x0000000000000000000000000000000000000000,,0.0,0.0
Seratio,DistributorsHardtoIdentify,,,0.0,0.0
Serenity,DistributorsHardtoIdentify,,,0.0,0.0
Sharpe Capital,NeedtoDownload,,,0.0,0.0
ShineCoin,OK,0x26fe5848cf08a00936bfbdaec890da57c6e59ed6,,0.0,0.0
Shivers,DistributorsHardtoIdentify,,,0.0,0.0
ShopCorn,NeedtoDownload,,,0.0,0.0
Shping,OK,0xb2242f32aa8751d1a754e5ccd8eee904cd21c915,,0.0,0.0
Silent Notary,OK,0x00b43d3faa03fa867d0da9dd5907c785b47d5dfa,,0.0,0.0
SilkChain,NoTokenTransfer,,,0.0,0.0
Silkos,OK,0x9c0932f0bbd3fa2710678361f34da6c405c6cb69,,0.0,0.0
Silvertoken,NoTokenTransfer,,,0.0,0.0
Simple Token,OK,0x58b7056deb51ed292614f0da1e94e7e9c589828d,,0.0,0.0
Simply Vital Health,NoTokenTransfer,,,0.0,0.0
Sine,NoTokenTransfer,,,0.0,0.0
Sinergia Blockchain,NeedtoDownload,,,0.0,0.0
SingularDTV,DistributorsHardtoIdentify,,,0.0,0.0
SingularityNET,OK,0xc4aad17558fa95c8937d0856b2dad74c1a7a095f,,0.0,0.0
Sirin Labs,NeedtoDownload,,,0.0,0.0
Skraps,OK,0xfdfe8b7ab6cf1bd1e3d14538ef40686296c42052,,0.0,0.0
Skrilla,NeedtoDownload,,,0.0,0.0
Skye Properties,NoTokenTransfer,,,0.0,0.0
Smart Investment Fund,OK,0x0000000000000000000000000000000000000000,,0.0,0.0
SmartBillions,OK,0x0000000000000000000000000000000000000000,,0.0,0.0
SmartCity,NoTokenTransfer,,,0.0,0.0
SmartHealthcare,NoTokenTransfer,,,0.0,0.0
SmartMesh,OK,0xd73a2582138a9d634eb8c06a1de4fc0ec1113f88,,0.0,0.0
SmartOne,NoTokenTransfer,,,0.0,0.0
SmartRefer,NoTokenTransfer,,,0.0,0.0
Snagride,OK,0x0027b00f654c11ff18231f34b2d2169852669523,,1.0,1.0
SnapUp,NoTokenTransfer,,,0.0,0.0
Snip,OK,0xb4ad56e564aab5409fe8e34637c33a6d3f2a0038,,7.0,0.0
Snovio,OK,0xdae3f1d824127754aca9eb5e5bfbac22d8a04a52,,0.0,0.0
Social,OK,0x582e3d8dcd41f586fbcc6559f16476d20b2a3b95,,0.0,0.0
Social Media Income,NeedtoDownload,,,0.0,0.0
SocialMedia.Market,NoTokenTransfer,,,0.0,0.0
SocialX,OK,0xbd59ed7c40f4df71d4638ea192411edc2c925a1b,,0.0,0.0
Sola,NeedtoDownload,,,0.0,0.0
Solar DAO,OK,0x0000000000000000000000000000000000000000,,0.0,0.0
Solidified,NoTokenTransfer,,,0.0,0.0
Solomon Exchange,OK,0xd7dc42b78b5ca37ff5493598d5b6978dc98c3b38,,0.0,0.0
Soma,OK,0x0000000000000000000000000000000000000000,,0.0,0.0
Sonic,NoTokenTransfer,,,0.0,0.0
SophiaTX,OK,0x54b7dbbf19d4b907738a7f235919d03d7aa86d5a,,0.0,0.0
Sp8de,OK,0x0000000000000000000000000000000000000000,,0.0,0.0
SpaceICO,NeedtoDownload,,,0.0,0.0
Spacoin,NeedtoDownload,,,0.0,0.0
SpankChain,OK,0xa7f00de671ebeb1b04c19a00842ff1d980847f0b,,12.0,0.0
Sparc,DistributorsHardtoIdentify,,,0.0,0.0
Spectiv,NoTokenTransfer,,,0.0,0.0
Spectre,NeedtoDownload,,,0.0,0.0
Speed Mining Service,NeedtoDownload,,,0.0,0.0
Spheris,NoTokenTransfer,,,0.0,0.0
Sphre AIR,OK,0x0000000000000000000000000000000000000000,,0.0,0.0
SportyCo,NeedtoDownload,,,0.0,0.0
SportyFi,OK,0x0000000000000000000000000000000000000000,,0.0,0.0
StabiX,NoTokenTransfer,,,0.0,0.0
Stampify,OK,0x0000000000000000000000000000000000000000,,0.0,0.0
Starbase,OK,0x54c548703c6f423cf7ed22806b608d332fcebb3b,,0.0,0.0
Starmine,NeedtoDownload,,,0.0,0.0
StartMining,NeedtoDownload,,,0.0,0.0
Status,OK,0x0000000000000000000000000000000000000000,,0.0,0.0
Stayawhile,NoTokenTransfer,,,0.0,0.0
Stelcoin,OK,0x24242d358af6a16f534636afb199ab40f57c15aa,,0.0,0.0
StockBet,NoTokenTransfer,,,0.0,0.0
StockBlock,OK,0x4fc1ec9cd67be1a99aadb2cbc650df21d2bdd138,,2.0,0.0
Stockchain,OK,0x86533cbadca5dc23210531f73700a0fee688f0fc,,0.0,0.0
Storiqa,NeedtoDownload,,,0.0,0.0
Storj,OK,0xf3d1f26b31db83c8899626746d0bbc59d9dd223c,,0.0,0.0
Storm,OK,0xc88c7e1aebd89187d13bd42e1ff814d32f492bf6,,0.0,0.0
Stox,OK,0x006bea43baa3f7a6f765f14f10a1a1b08334ef45,,0.0,0.0
Streamr,OK,0x0000000000000000000000000000000000000000,,0.0,0.0
Stubba,NoTokenTransfer,,,0.0,0.0
StuffGoGo,NoTokenTransfer,,,0.0,0.0
Substratum,OK,0xaf518d65f84e4695a4da0450ec02c1248f56b668,,1.0,885430.0
Sudan Gold Coin,OK,0x0000000000000000000000000000000000000000,,0.0,0.0
SunContract,OK,0x0000000000000000000000000000000000000000,,0.0,0.0
SunMultiwallet,NeedtoDownload,,,0.0,0.0
SuperDAO,NeedtoDownload,,,0.0,0.0
Superbloom,NoTokenTransfer,,,0.0,0.0
Sur-Ple,NoTokenTransfer,,,0.0,0.0
Suretly,OK,0xa1f138da4168c5f6597f5c3dc985d147afb531bc,,1.0,27.0
Swarm Fund,NeedtoDownload,,,0.0,0.0
SwissBorg,OK,0xbce77d679864e792b5ec5ae3dd3fe360cc5c75c0,,0.0,0.0
Swisstok,NoTokenTransfer,,,0.0,0.0
SyncFab,NeedtoDownload,,,0.0,0.0
SynchroLife,NoTokenTransfer,,,0.0,0.0
Synthetics Ai,NeedtoDownload,,,0.0,0.0
Synthium Health,NeedtoDownload,,,0.0,0.0
T8Coin,DistributorsHardtoIdentify,,,0.0,0.0
T8EX,NeedtoDownload,,,0.0,0.0
TE-FOOD,OK,0x0000000000000000000000000000000000000000,,0.0,0.0
TEND,OK,0x0000000000000000000000000000000000000000,,0.0,0.0
TOKENOMY,NeedtoDownload,,,0.0,0.0
TOKIA,NeedtoDownload,,,0.0,0.0
TORQ,OK,0xdd876482d22dc165ef46e7b26eb49e90753ad1b0,,2.0,0.0
TaaS,OK,0x94917caf0cb1131345911874a2ceaf6ae2e8ee0f,,0.0,0.0
Take Profit,NeedtoDownload,,,0.0,0.0
Taklimakan Network,NeedtoDownload,,,0.0,0.0
Tap Project,NeedtoDownload,,,0.0,0.0
Target Coin,OK,0xe9e1e3414800886d5210a3f726947387f662ba2a,,0.0,0.0
Taskfair,NeedtoDownload,,,0.0,0.0
Taylor,NeedtoDownload,,,0.0,0.0
TeamCoin,OK,0xdfdaccae897b008f814225dc67aaca3ab41250a7,,3.0,0.0
TechBench,NoTokenTransfer,,,0.0,0.0
Teky,NeedtoDownload,,,0.0,0.0
Telcoin,NeedtoDownload,,,0.0,0.0
TenX,DistributorsHardtoIdentify,,,0.0,0.0
TensorBox,NoTokenTransfer,,,0.0,0.0
TerraMiner,OK,0x0000000000000000000000000000000000000000,,0.0,0.0
Tettix,OK,0xd77fc35cc9007557dcd18bfe26fe66f1ea3a0e7f,,0.0,0.0
TewTew,NoTokenTransfer,,,0.0,0.0
The Bee Token,NeedtoDownload,,,0.0,0.0
The Divi Project,DistributorsHardtoIdentify,,,0.0,0.0
The Number One Dime,NeedtoDownload,,,0.0,0.0
The Quantum Resistant Ledger,DistributorsHardtoIdentify,,,0.0,0.0
The Sun Exchange,NoTokenTransfer,,,0.0,0.0
TheWorldNews,NoTokenTransfer,,,0.0,0.0
Themis,DistributorsHardtoIdentify,,,0.0,0.0
Theta Network,NeedtoDownload,,,0.0,0.0
Thrintel Market,NoTokenTransfer,,,0.0,0.0
Tierion,OK,0x3cd5cc3aa9ffdb7fb08520f55f9955022ab27cfc,,2.0,0.0
Ties.Network,OK,0x0000000000000000000000000000000000000000,,0.0,0.0
Tigereum,OK,0x0000000000000000000000000000000000000000,,0.0,0.0
Time New Bank,OK,0x0000000000000000000000000000000000000000,,0.0,0.0
Tio Tour Guides,NoTokenTransfer,,,0.0,0.0
Titanium Blockchain Infrastructure Services,NeedtoDownload,,,0.0,0.0
Token Security Scheme,DistributorsHardtoIdentify,,,0.0,0.0
TokenAI,NoTokenTransfer,,,0.0,0.0
TokenCard,OK,0x0000000000000000000000000000000000000000,,0.0,0.0
TokenGo,NoTokenTransfer,,,0.0,0.0
TokenStars ACE,OK,0x06147110022b768ba8f99a8f385df11a151a9cc8,,0.0,0.0
TokenStars TEAM,NeedtoDownload,,,0.0,0.0
Tokenbox,OK,0xfdccc92cf973594f2cdc36283d8bd284e49e0414,,0.0,0.0
Tomocoin,NeedtoDownload,,,0.0,0.0
TontineTrust,NoTokenTransfer,,,0.0,0.0
Torus Distributed Energy Platform,NeedtoDownload,,,0.0,0.0
Totum,NoTokenTransfer,,,0.0,0.0
TourCoin,NeedtoDownload,,,0.0,0.0
TraDove,NoTokenTransfer,,,0.0,0.0
Trackr,OK,0xa971afdca01bd1ca1499346e730a3d1dc06a3a9d,,0.0,0.0
Trade.io,OK,0x86fe3c20379ac71ebbf8c0499b41fd2b457e4e9e,,0.0,0.0
TradeBit,OK,0xc6a51b6088927d96338427800a832f204c48a6e9,,1.0,18.0
Tradershub,NeedtoDownload,,,0.0,0.0
TrafficX,NoTokenTransfer,,,0.0,0.0
TrakInvest,ImpreciseInformation,,,0.0,0.0
Transmission,NeedtoDownload,,,0.0,0.0
TravelChain,OK,0x8cc8ed4674d80ee0fe17df365695e03e7f3713e1,,0.0,0.0
TravelCoin,OK,0xe37c4541c34e4a8785daaa9aeb5005ddd29854ac,,2.0,0.0
Travvil,NoTokenTransfer,,,0.0,0.0
Trendit,NoTokenTransfer,,,0.0,0.0
TribeToken,OK,0x728e2d16369d41bf19ad50233c62347f112814cf,,0.0,0.0
TrillHUB,NoTokenTransfer,,,0.0,0.0
TripAlly,DistributorsHardtoIdentify,,,0.0,0.0
Trippki,NoTokenTransfer,,,0.0,0.0
Tru Reputation Network,NeedtoDownload,,,0.0,0.0
True Flip,OK,0x6049604960496049604960496049604960496049,,0.0,0.0
TrueDonate,OK,0xb56b023d377f288bad9a96e8c18b6abf79bf4b40,,0.0,0.0
TrustaBit,OK,0x0000000000000000000000000000000000000000,,0.0,0.0
U.CASH,NeedtoDownload,,,0.0,0.0
UDIAR,NeedtoDownload,,,0.0,0.0
UHUB,IncompleteInformation,,,0.0,0.0
UNICOIN,NeedtoDownload,,,0.0,0.0
USDX Protocol,NeedtoDownload,,,0.0,0.0
UTRUST,OK,0x7c41e6d559641805539fbd3492caea57ca492ff7,,1.0,1.0
Ucoin Cash,NoTokenTransfer,,,0.0,0.0
UltraYOLO,NoTokenTransfer,,,0.0,0.0
Umbrella Coin,NoTokenTransfer,,,0.0,0.0
Unikrn,OK,0x6e9ad99a34c4c1d467eff2db239951d885b67f10,,0.0,0.0
United Traders,OK,0xb3e9a801d7ffa379a728602cba08f72b9714e5c3,,0.0,0.0
Universa,OK,0xef241834e9e89c03d4c17fe13ef03a55d7bbd099,,0.0,0.0
Universal Brand,NoTokenTransfer,,,0.0,0.0
UpToken,NoTokenTransfer,,,0.0,0.0
Upline,NoTokenTransfer,,,0.0,0.0
Uprightly,NoTokenTransfer,,,0.0,0.0
Uservice,OK,0xaca6ce6c6b6752b3b36993fbf88545cc1a569b84,,0.0,0.0
VALHALLA,NoTokenTransfer,,,0.0,0.0
VALID,OK,0x0000000000000000000000000000000000000000,,0.0,0.0
VALUS,OK,0x0000000000000000000000000000000000000000,,0.0,0.0
VIABET,OK,0xbe8f09ab5b0dda98db12d39fd7e6e61ea4f5d21b,,0.0,0.0
VICCOIN,NoTokenTransfer,,,0.0,0.0
VICoin,NoTokenTransfer,,,0.0,0.0
VLB,IncompleteInformation,,,0.0,0.0
VOISE,NeedtoDownload,,,0.0,0.0
VR MED,NoTokenTransfer,,,0.0,0.0
VR Platform OKO,OK,0xacf15669e91c7d5b110ca93ccf2e8235a082a796,,2.0,0.0
VRBTC,OK,0x370b39bf09bf40ca0c34fcc01e15ada4a1c88aaa,0x81faa69f8a7bdfcb2cbcc929ffc5c07c2c0e4953,0.0,0.0
Vacuum,NoTokenTransfer,,,0.0,0.0
ValidCoin,NoTokenTransfer,,,0.0,0.0
Valorem Foundation,OK,0x004c670598c1900ea2fe32052c7ba153bb2d4c8e,,0.0,0.0
Value Coin,NoTokenTransfer,,,0.0,0.0
VanillaPlay,NoTokenTransfer,,,0.0,0.0
Vaultbank,NoTokenTransfer,,,0.0,0.0
Vector,NeedtoDownload,,,0.0,0.0
Vectorspace (PreICO),NoTokenTransfer,,,0.0,0.0
Velper,NeedtoDownload,,,0.0,0.0
VendiCoins,OK,0x0000000000000000000000000000000000000000,,0.0,0.0
Ventana,OK,0xd6514387236595e080b97c8ead1cbf12f9a6ab65,,0.0,0.0
Ventured Network,NoTokenTransfer,,,0.0,0.0
Verdict,NoTokenTransfer,,,0.0,0.0
Verif-y,NoTokenTransfer,,,0.0,0.0
Verify,OK,0x0000000000000000000000000000000000000000,,0.0,0.0
VerifyUnion,NoTokenTransfer,,,0.0,0.0
Veritas Mining,NoTokenTransfer,,,0.0,0.0
Veritaseum,OK,0x82c48875c17ee5812f909a9d75c0f64f7a8719fe,,7.0,0.0
Verto Exchange Token,NoTokenTransfer,,,0.0,0.0
Vestopia,OK,0x0000000000000000000000000000000000000000,,0.0,0.0
Vezt,OK,0xa2448261e929f0c87b65145583b73b04f5e43755,,0.0,0.0
ViMarket,NeedtoDownload,,,0.0,0.0
Viberate,NeedtoDownload,,,0.0,0.0
Vice Industry Token,ImpreciseInformation,,,0.0,0.0
Viewly,NeedtoDownload,,,0.0,0.0
Vinnd.io,OK,0x13252139faec148b9ccddf07b17b90a91c05e8ec,,0.0,0.0
Vio,NeedtoDownload,,,0.0,0.0
Vionex,NeedtoDownload,,,0.0,0.0
Virtonomics,NeedtoDownload,,,0.0,0.0
VirtuTV,NoTokenTransfer,,,0.0,0.0
Virtual Cash Back,OK,0x67b9cc6bb053e7e1325d9b6ef6cc0b482f635a95,,15.0,3.0
Vista Fintech,OK,0xc2d346915414047795418b16694ca0b3f01251a6,,0.0,0.0
Viuly,NeedtoDownload,,,0.0,0.0
Votem,NoTokenTransfer,,,0.0,0.0
Votes,DistributorsHardtoIdentify,,,0.0,0.0
VuePay,NoTokenTransfer,,,0.0,0.0
Vyral,NeedtoDownload,,,0.0,0.0
W3coins,NoTokenTransfer,,,0.0,0.0
WAWLLET,NoTokenTransfer,,,0.0,0.0
WCX,NoTokenTransfer,,,0.0,0.0
WHA Project,NoTokenTransfer,,,0.0,0.0
WIRE-X,NeedtoDownload,,,0.0,0.0
WISEPLAT,NeedtoDownload,,,0.0,0.0
WORDCOIN,NeedtoDownload,,,0.0,0.0
WYRIFY,NeedtoDownload,,,0.0,0.0
WaBi,OK,0x286bda1413a2df81731d4930ce2f862a35a609fe,,0.0,0.0
Wala Financial Platform,NoTokenTransfer,,,0.0,0.0
Waltix,NoTokenTransfer,,,0.0,0.0
WePower,NeedtoDownload,,,0.0,0.0
WeTrust,OK,0xcb657c0d074daced6ba36efdfc42bd8018b8dcca,,0.0,0.0
Weekend Millionaires Club,NeedtoDownload,,,0.0,0.0
WhenHub,NoTokenTransfer,,,0.0,0.0
White Crypto City,NoTokenTransfer,,,0.0,0.0
White Rabbit,NeedtoDownload,,,0.0,0.0
Whizz Coin,NeedtoDownload,,,0.0,0.0
WhoHas,NoTokenTransfer,,,0.0,0.0
Wi-Fi Global,NoTokenTransfer,,,0.0,0.0
WiC,DistributorsHardtoIdentify,,,0.0,0.0
Winding Tree,NeedtoDownload,,,0.0,0.0
Wings,DistributorsHardtoIdentify,,,0.0,0.0
Wireline,NoTokenTransfer,,,0.0,0.0
WishFinance,NeedtoDownload,,,0.0,0.0
Wishcoin,NoTokenTransfer,,,0.0,0.0
Wolk,OK,0xf6b55acbbc49f4524aa48d19281a9a77c54de10f,,0.0,0.0
Woodscoin,NoTokenTransfer,,,0.0,0.0
WorkPress,NoTokenTransfer,,,0.0,0.0
World Peace Coin,NoTokenTransfer,,,0.0,0.0
World Tourism,NeedtoDownload,,,0.0,0.0
WorldCore,DistributorsHardtoIdentify,,,0.0,0.0
Worldwide Asset eXchange,DistributorsHardtoIdentify,,,0.0,0.0
Wowoo,NoTokenTransfer,,,0.0,0.0
X8 Project,OK,0x0000000000000000000000000000000000000000,,0.0,0.0
XAOS,NeedtoDownload,,,0.0,0.0
XZEN,NeedtoDownload,,,0.0,0.0
Xaurum Gamma,OK,0x0000000000000000000000000000000000000000,,0.0,0.0
Xchainge,NoTokenTransfer,0x0000000000000000000000000000000000000000,,0.0,0.0
XiWATT,NoTokenTransfer,,,0.0,0.0
XinFin,ImpreciseInformation,,,0.0,0.0
XinFin Foundation,NeedtoDownload,,,0.0,0.0
Xirkle,NoTokenTransfer,,,0.0,0.0
Xwin CryptoBet,OK,0x0000000000000000000000000000000000000000,,0.0,0.0
YGGDRASH,OK,0x0000c72e03a01cd93b2b68b5e08b7bfd49182b3a,,0.0,0.0
YOYOW,DistributorsHardtoIdentify,,,0.0,0.0
YohoCube,NoTokenTransfer,,,0.0,0.0
YooPing,OK,0x14fb3ead289dd6500a91f28131cd485906a75f74,,0.0,0.0
YouRa,NoTokenTransfer,,,0.0,0.0
ZABERcoin,OK,0x0000000000000000000000000000000000000000,,0.0,0.0
ZEUS,NeedtoDownload,,,0.0,0.0
ZILLA,NeedtoDownload,,,0.0,0.0
Zap Store,DistributorsHardtoIdentify,,,0.0,0.0
Zenome,NeedtoDownload,,,0.0,0.0
Zeto,NeedtoDownload,,,0.0,0.0
Zipper,NeedtoDownload,,,0.0,0.0
Zloadr,OK,0x0000000000000000000000000000000000000000,,0.0,0.0
Zonto,NeedtoDownload,,,0.0,0.0
Zpay Network,DistributorsHardtoIdentify,,,0.0,0.0
aXpire,NeedtoDownload,,,0.0,0.0
adToken,OK,0x5678bcea6d6f33f645dca8c8c9b7d8d5caf0a2b1,,0.0,0.0
aeternity,NeedtoDownload,,,0.0,0.0
algo.land,NoTokenTransfer,,,0.0,0.0
altOWL,OK,0xc2ddb68bd9de4c6f156037f53685e61179e8e220,,0.0,0.0
betboxAI,NoTokenTransfer,,,0.0,0.0
bitJob,OK,0x7ca63aa7bf5bd6f51cb5a5c28aef6ac94e16be2a,,0.0,0.0
blockarray,NeedtoDownload,,,0.0,0.0
blockhive,NoTokenTransfer,,,0.0,0.0
blocksquare.io,NeedtoDownload,,,0.0,0.0
bounty0x,OK,0xf32d328af90d5ac22b1bbeda4114fd15b2fa09ee,,0.0,0.0
buglab,NoTokenTransfer,,,0.0,0.0
ccore,OK,0xcfe66a7339bd08469bb2fc6ab4caed4c022fc6ac,,1.0,0.0
crypto.tickets,OK,0x0000000000000000000000000000000000000000,,0.0,0.0
dApp Builder,NoTokenTransfer,,,0.0,0.0
district0x,OK,0xf8094e15c897518b5ac5287d7070ca5850efc6ff,,0.0,0.0
doBETacceptBET,OK,0x7dbb125435e98518154804911a42d8f8771ca5cd,,1.0,0.0
dock.io,NeedtoDownload,,,0.0,0.0
dueltoken.io,NoTokenTransfer,,,0.0,0.0
dutyof.care,NeedtoDownload,,,0.0,0.0
e-Chat,NeedtoDownload,,,0.0,0.0
e-Pocket,OK,0x449684cec6727d7240ecc6f29a0ebff9c5b27e59,,0.0,0.0
eTardis,NoTokenTransfer,,,0.0,0.0
envion,NeedtoDownload,,,0.0,0.0
etherecash,ImpreciseInformation,,,0.0,0.0
fidentiaX,OK,0x0000000000000000000000000000000000000000,,0.0,0.0
folio.ninja,NoTokenTransfer,,,0.0,0.0
iBuildApp,OK,0xbce77d679864e792b5ec5ae3dd3fe360cc5c75c0,,0.0,0.0
iEx.ec,OK,0xec33fb8d7c781f6feaf2dd46d521d4f292320200,,0.0,0.0
iZAC,NoTokenTransfer,,,0.0,0.0
iZiing,NoTokenTransfer,,,0.0,0.0
ignite RATINGS,NoTokenTransfer,,,0.0,0.0
indaHash,OK,0x0000000000000000000000000000000000000000,,0.0,0.0
injii,NoTokenTransfer,,,0.0,0.0
investFeed,OK,0x0000000000000000000000000000000000000000,,0.0,0.0
kevin.,OK,0xe9521fd4bc7e2c6fc393c8e352db34ecac674500,,0.0,0.0
onG.social,DistributorsHardtoIdentify,,,0.0,0.0
openANX,OK,0x0000000000000000000000000000000000000000,,0.0,0.0
peerguess,NeedtoDownload,,,0.0,0.0
quantreum,NoTokenTransfer,,,0.0,0.0
savedroid,NeedtoDownload,,,0.0,0.0
sharder protocol,OK,0x29289d68091f2060d28d91d022dbb11f1f90913c,,0.0,0.0
skychain,NeedtoDownload,,,0.0,0.0
techspecs,NoTokenTransfer,,,0.0,0.0
thorentium,NoTokenTransfer,,,0.0,0.0
tokens.net,DistributorsHardtoIdentify,,,0.0,0.0
uquid,OK,0x776d4d1feed14ee47a46837b2b16624feda1fffc,,0.0,0.0
wysker,NoTokenTransfer,,,0.0,0.0
